{
  "model/models.js.map": 1727869255895,
  "manifest.json": 1727869255783,
  "model/formatter.js": 1727868728143,
  "controller/Main.controller.js": 1727868728139,
  "controller/App.controller.js": 1727868728139,
  "model/models.js": 1727868728143,
  "Component.js": 1727868728123,
  "model/formatter-dbg.js": 1727868728143,
  "model/formatter.js.map": 1727869255894,
  "controller/Main-dbg.controller.js": 1727868728139,
  "controller/Main.controller.js.map": 1727869255920,
  "controller/App-dbg.controller.js": 1727868728139,
  "controller/App.controller.js.map": 1727869255894,
  "model/models-dbg.js": 1727868728143,
  "i18n/i18n.properties": 1727868728139,
  "Component-dbg.js": 1727868728123,
  "Component.js.map": 1727869255898,
  "Component-preload.js": 1727869255996,
  "Component-preload.js.map": 1727869255996,
  "view/Main.view.xml": 1727868728171,
  "view/App.view.xml": 1727868728171,
  "css/style.css": 1727868728139,
  "saudi aramco.jpeg": 1727868728143,
  "index.html": 1727868728139,
  "hexaware.jpg": 1727868728139,
  "github.png": 1727868728139,
  "Linkedin Logo.png": 1727868728139,
  "Infosys.png": 1727868728139,
  "HTC.jpg": 1727868728139,
  "Gowthamraja Muthumani_SAP BTP_FULLSTACK.docx": 1727868728139,
  "Gowtham_pass_photo_formal_dress.jpg": 1727868728135,
  "EY.png": 1727868728123,
  "Cognizant_Logo.jpg": 1727868728123
}