{
  "view/Main.view.xml": 1727870698642,
  "controller/Main.controller.js": 1727868728139,
  "model/formatter.js": 1727868728143,
  "model/models.js": 1727868728143,
  "controller/App.controller.js": 1727868728139,
  "manifest.json": 1727953440236,
  "Component.js": 1727868728123,
  "Component-dbg.js": 1727868728123,
  "Component.js.map": 1727953440386,
  "model/formatter-dbg.js": 1727868728143,
  "model/formatter.js.map": 1727953440386,
  "model/models-dbg.js": 1727868728143,
  "model/models.js.map": 1727953440386,
  "controller/App-dbg.controller.js": 1727868728139,
  "controller/App.controller.js.map": 1727953440386,
  "controller/Main-dbg.controller.js": 1727868728139,
  "controller/Main.controller.js.map": 1727953440415,
  "Component-preload.js": 1727953440635,
  "Component-preload.js.map": 1727953440635,
  "css/style.css": 1727868728139,
  "i18n/i18n.properties": 1727868728139,
  "view/App.view.xml": 1727868728171,
  "saudi aramco.jpeg": 1727868728143,
  "index.html": 1727868728139,
  "hexaware.jpg": 1727868728139,
  "github.png": 1727868728139,
  "Linkedin Logo.png": 1727868728139,
  "Infosys.png": 1727868728139,
  "HTC.jpg": 1727868728139,
  "Gowthamraja Muthumani_SAP BTP_Resume.docx": 1727870651770,
  "Gowtham_pass_photo_formal_dress.jpg": 1727868728135,
  "EY.png": 1727868728123,
  "Cognizant_Logo.jpg": 1727868728123
}