{
  "Infosys.png": 1726750056590,
  "controller/Main.controller.js": 1726750056590,
  "model/formatter.js": 1726750056590,
  "model/models.js": 1726750056590,
  "controller/App.controller.js": 1726750056590,
  "manifest.json": 1727866898518,
  "Component.js": 1726750056586,
  "controller/Main-dbg.controller.js": 1726750056590,
  "controller/Main.controller.js.map": 1727866898640,
  "model/formatter-dbg.js": 1726750056590,
  "model/formatter.js.map": 1727866898624,
  "model/models-dbg.js": 1726750056590,
  "model/models.js.map": 1727866898614,
  "controller/App-dbg.controller.js": 1726750056590,
  "controller/App.controller.js.map": 1727866898614,
  "Component-dbg.js": 1726750056586,
  "Component.js.map": 1727866898617,
  "Component-preload.js": 1727866898720,
  "Component-preload.js.map": 1727866898720,
  "view/Main.view.xml": 1726750056590,
  "view/App.view.xml": 1726750056590,
  "css/style.css": 1726750056590,
  "saudi aramco.jpeg": 1726750056590,
  "index.html": 1726750056590,
  "hexaware.jpg": 1726750056590,
  "github.png": 1726750056590,
  "Linkedin Logo.png": 1726750056590,
  "i18n/i18n.properties": 1726750056590,
  "HTC.jpg": 1726750056590,
  "Gowthamraja Muthumani_SAP BTP_FULLSTACK.docx": 1726750056590,
  "Gowtham_pass_photo_formal_dress.jpg": 1726750056590,
  "EY.png": 1726750056586,
  "Cognizant_Logo.jpg": 1726750056586
}